<Configure id="VideoLibrary" class="org.eclipse.jetty.webapp.WebAppContext">
    <New id="VideoLibrary" class="org.eclipse.jetty.plus.jndi.Resource">
        <Arg></Arg>
        <Arg>jdbc/VideoLibrary</Arg>
        <Arg>
            <New class="com.mysql.cj.jdbc.MysqlConnectionPoolDataSource">
                <Set name="Url">jdbc:mysql://localhost:3306/videolibrary</Set>
                <Set name="User">root</Set>
                <Set name="Password">root</Set>
                <Set name="useSSL">false</Set>
                <Set name="serverTimezone">UTC</Set>
                <Set name="characterEncoding">UTF-8</Set>
                <Set name="allowPublicKeyRetrieval">true</Set>
            </New>
        </Arg>
    </New>
</Configure>